Site,BU,Sub_BU,Latitude,Longitude,Total_Hours_Week,Total_Hours_YTD,Year,Quarter,Month,Week,INC_All_Week,INC_All_YTD,INC_SI_Week,INC_SI_YTD,INC_RI_Week,INC_RI_YTD,INC_DART_Week,INC_DART_YTD,INC_LTI_Week,INC_LTI_YTD,INC_FAI_Week,INC_FAI_YTD,INC_MSD_RI_Week,INC_MSD_RI_YTD,INC_MSD_LTI_Week,INC_Near_Miss_Week,INC_Near_Miss_YTD,INC_PIT_All_Week,INC_PIT_SI_Week,INC_PIT_RI_Week,INC_Yard_Week,INC_PIT_Ped_Week,INC_RIR_Week,INC_RIR_YTD,INC_SIR_Week,INC_SIR_YTD,INC_DART_Rate_Week,INC_DART_Rate_YTD,INC_LTIR_Week,INC_LTIR_YTD,INC_MSD_RIR_Week,INC_MSD_RIR_YTD,INC_FAIR_Week,INC_FAIR_YTD,INSP_Due_Inspections,INSP_Inspection_OTC,INSP_Due_Tasks,INSP_Task_OTC,INSP_On_Time,INSP_Overdue,INSP_Tasks_On_Time,INSP_Tasks_Overdue,DFY_Total_Obs_Week,DFY_Total_Obs_YTD,DFY_Closed_Week,DFY_Closed_YTD,DFY_Open_Week,DFY_Open_YTD,DFY_Closure_Rate_Week,DFY_Closure_Rate_YTD,DFY_Feedback_Rate_Week,DFY_Feedback_Rate_YTD,DFY_First_Timers_Week,DFY_First_Timers_YTD,DFY_Sentiment_Positive_Pct_Week,DFY_Sentiment_Positive_Pct_YTD,DFY_QRI_Avg_Week,DFY_QRI_Avg_YTD,DFY_Days_Completion_Avg_Week,DFY_Days_Completion_Avg_YTD,DFY_Days_Response_Avg_Week,DFY_Days_Response_Avg_YTD,DFY_Rate_Week,DFY_Rate_YTD,DFY_Submitter_Rate_Week,DFY_Submitter_Rate_YTD,DFY_Description,DFY_Date,INSP_Due_Insp_Week,INSP_Due_Insp_YTD,INSP_OTC_Week,INSP_OTC_YTD,INSP_Due_Tasks_Week,INSP_Due_Tasks_YTD,INSP_Task_OTC_Week,INSP_Task_OTC_YTD,INSP_On_Time_Week,INSP_On_Time_YTD,INSP_Overdue_Week,INSP_Overdue_YTD,INSP_Tasks_On_Time_Week,INSP_Tasks_On_Time_YTD,INSP_Tasks_Overdue_Week,INSP_Tasks_Overdue_YTD
BSB1,LATAMCF,Traditional Sortable Softlines,-15.9836,-47.9879,4759,478807,2025,Q1,01,52,0,54,0,0,0,2,0,2,0,2,0,52,0,1,0,1,214,0,0,0,0,0,0.000,0.835,0.000,0.000,0.000,0.835,0.000,0.835,0.000,0.418,0.000,21.721,834,1.000,1177,0.992,48,786,1168,0,,68,,67,,1,,98.5,,1.5,,10,,0.0,,4.34,,11.5,,5.0,0.000,28.404,,0.382,"📦 BSB1       👤 @emellyge       ✍️ 1 obs.

The light pole located in the yard, in front of dock 106, is not working. The lack of lighting in this area impairs visibility depending on the angle, especially during the night/early hours.  Risk identified: Difficulty of vision for drivers and pedestrians...",2026-02-09,7,834,0,1.000,12,1177,1.000,0.992,0,48,0,786,12,1168,0,9
BSB1,LATAMCF,Traditional Sortable Softlines,-15.9836,-47.9879,258,53885,2026,Q1,01,20,0,4,0,0,0,0,0,0,0,0,0,4,0,0,0,0,10,0,0,0,0,0,0.000,0.000,0.000,0.000,0.000,0.000,0.000,0.000,0.000,0.000,0.000,14.846,834,1.000,1177,0.992,48,786,1168,0,,68,,67,,1,,98.5,,1.5,,10,,0.0,,4.34,,11.5,,5.0,0.000,252.387,,0.382,"📦 BSB1       👤 @emellyge       ✍️ 1 obs.

The light pole located in the yard, in front of dock 106, is not working. The lack of lighting in this area impairs visibility depending on the angle, especially during the night/early hours.  Risk identified: Difficulty of vision for drivers and pedestrians...",2026-02-09,7,834,0,1.000,12,1177,1.000,0.992,0,48,0,786,12,1168,0,9
CGH3,ATS-LATAM,Sort Center,-23.3400,-46.8600,0,427005,2025,Q1,01,52,0,43,0,0,0,0,0,0,0,0,0,43,0,0,0,0,131,0,0,0,0,0,0.000,0.000,0.000,0.000,0.000,0.000,0.000,0.000,0.000,0.000,0.000,20.140,224,0,279,0.964,0,223,269,0,,,,,,,,,,,,,,,,,,,,,,0.000,,,,,13,224,0,0,19,279,0.895,0.964,0,0,0,0,17,269,2,10
CGH3,ATS-LATAM,Sort Center,-23.3400,-46.8600,0,0,2026,Q1,01,20,0,0,0,0,0,0,0,0,0,0,0,0,0,0,0,0,0,0,0,0,0,0,0.000,0.000,0.000,0.000,0.000,0.000,0.000,0.000,0.000,0.000,0.000,0.000,224,0,279,0.964,0,223,269,0,,,,,,,,,,,,,,,,,,,,,,,,,,,13,224,0,0,19,279,0.895,0.964,0,0,0,0,17,269,2,10
CGH7,ATS-LATAM,Sort Center,-23.5000,-46.7500,21187,474539,2025,Q1,01,52,2,96,0,0,0,0,0,0,0,0,2,95,0,0,0,0,87,0,0,0,0,0,0.000,0.000,0.000,0.000,0.000,0.000,0.000,0.000,0.000,0.000,18.879,40.039,610,0.991,481,0.975,230,377,469,0,14,350,0,281,14,69,0.0,80.3,0.0,0.0,3,40,0.0,0.0,,2.60,,13.6,,,132.156,147.511,0.500,0.137,"📦 CGH7       👤 @xrivalro       ✍️ 5 obs.

Today, April 18, at 5:01 am, an associate who was loading a shuttle directed the picker towards other associates near the TOM sector. I kindly ask that you be warned during the DDS that this type of joke can end in an unpleasant way.",2026-04-18,13,610,1.000,0.991,14,481,1.000,0.975,13,230,0,380,14,469,0,12
CGH7,ATS-LATAM,Sort Center,-23.5000,-46.7500,24030,520554,2026,Q1,01,20,0,60,0,0,0,0,0,0,0,0,0,60,0,0,0,3,52,0,0,0,0,0,0.000,0.000,0.000,0.000,0.000,0.000,0.000,0.000,0.000,0.000,0.000,23.052,610,0.991,481,0.975,230,377,469,0,14,350,0,281,14,69,0.0,80.3,0.0,0.0,3,40,0.0,0.0,,2.60,,13.6,,,116.519,134.472,0.500,0.137,"📦 CGH7       👤 @xrivalro       ✍️ 5 obs.

Today, April 18, at 5:01 am, an associate who was loading a shuttle directed the picker towards other associates near the TOM sector. I kindly ask that you be warned during the DDS that this type of joke can end in an unpleasant way.",2026-04-18,13,610,1.000,0.991,14,481,1.000,0.975,13,230,0,380,14,469,0,12
CNF1,LATAMCF,Mixed (Traditional Sortable and Non-sortable),-19.9439,-44.1076,14475,1798133,2025,Q1,01,52,2,118,0,0,0,0,0,0,0,0,2,118,0,0,0,10,689,0,0,0,0,0,0.000,0.000,0.000,0.000,0.000,0.000,0.000,0.000,0.000,0.000,27.634,13.125,2730,0.988,7096,0.999,567,2148,7083,0,21,665,4,615,17,50,19.0,92.5,4.8,22.7,0,132,0.0,0.0,4.50,4.14,3.0,12.3,1.0,17.8,290.155,73.966,0.619,0.244,"📦 CNF1       👤 @mtunes       ✍️ 4 obs.

​This week, while maintaining a treadmill, I noticed that blocking a frame did not completely deactivate the equipment. I suggest implementing QR Codes at LOTO points. When scanning, the technician accesses the digital map of all electrical and mechanical energy sources existing in the equipment. This avoid...

ðŸ’ª Above and beyond! Recognize them: https://atoz.amazon.work/shout-outs
",2026-03-28,80,2730,0.972,0.988,196,7096,1.000,0.999,35,567,45,2163,196,7083,0,13
CNF1,LATAMCF,Mixed (Traditional Sortable and Non-sortable),-19.9439,-44.1076,9478,331645,2026,Q1,01,20,2,60,0,0,0,0,0,0,0,0,0,58,0,0,0,3,152,0,0,0,1,0,0.000,0.000,0.000,0.000,0.000,0.000,0.000,0.000,0.000,0.000,0.000,34.977,2730,0.988,7096,0.999,567,2148,7083,0,21,665,4,615,17,50,19.0,92.5,4.8,22.7,0,132,0.0,0.0,4.50,4.14,3.0,12.3,1.0,17.8,443.090,401.031,0.619,0.244,"📦 CNF1       👤 @mtunes       ✍️ 4 obs.

​This week, while maintaining a treadmill, I noticed that blocking a frame did not completely deactivate the equipment. I suggest implementing QR Codes at LOTO points. When scanning, the technician accesses the digital map of all electrical and mechanical energy sources existing in the equipment. This avoid...

ðŸ’ª Above and beyond! Recognize them: https://atoz.amazon.work/shout-outs
",2026-03-28,80,2730,0.972,0.988,196,7096,1.000,0.999,35,567,45,2163,196,7083,0,13
CNF7,ATS-LATAM,Sort Center,-19.9300,-44.0500,5262,73709,2025,Q1,01,52,0,12,0,0,0,0,0,0,0,0,0,12,0,0,0,3,36,0,0,0,0,0,0.000,0.000,0.000,0.000,0.000,0.000,0.000,0.000,0.000,0.000,0.000,32.560,443,0.979,583,0.971,237,199,562,0,4,250,0,202,4,48,0.0,80.8,0.0,10.4,1,97,0.0,0.0,,3.82,,11.9,,28.8,152.024,678.340,0.750,0.268,"📦 CNF7       👤 @lidaluza       ✍️ 1 obs.

reinforce with drivers who are in the pedestrian crossing so as not to obstruct the passage, we have to pass through the middle of the yard to access the path to cnf7, risk of being run over",2026-04-12,18,443,1.000,0.979,8,583,1.000,0.971,18,237,0,206,8,562,0,21
CNF7,ATS-LATAM,Sort Center,-19.9300,-44.0500,5615,117097,2026,Q1,01,20,1,28,0,0,0,1,0,1,0,1,0,26,0,0,0,2,81,0,0,0,0,0,0.000,1.708,0.000,0.000,0.000,1.708,0.000,1.708,0.000,0.000,0.000,44.407,443,0.979,583,0.971,237,199,562,0,4,250,0,202,4,48,0.0,80.8,0.0,10.4,1,97,0.0,0.0,,3.82,,11.9,,28.8,142.474,426.993,0.750,0.268,"📦 CNF7       👤 @lidaluza       ✍️ 1 obs.

reinforce with drivers who are in the pedestrian crossing so as not to obstruct the passage, we have to pass through the middle of the yard to access the path to cnf7, risk of being run over",2026-04-12,18,443,1.000,0.979,8,583,1.000,0.971,18,237,0,206,8,562,0,21
DAM1,AMZL-LATAM,Delivery Station,-3.1190,-60.0217,1055,20727,2025,Q1,01,52,0,2,0,0,0,0,0,0,0,0,0,2,0,0,0,0,0,0,0,0,0,0,0.000,0.000,0.000,0.000,0.000,0.000,0.000,0.000,0.000,0.000,0.000,19.298,242,1.000,32,0.938,98,144,30,0,4,17,1,13,3,4,25.0,76.5,25.0,35.3,3,7,0.0,0.0,5.00,4.23,1.0,8.3,,1.0,758.190,164.036,0.500,0.529,"📦 DAM1       👤 @wancardo       ✍️ 1 obs.

In recent days, accidents have been happening with packages containing liquid (cleaning products or wine and sparkling wine). These accidents have been occurring more in the stow area and rarely near the conveyor belt where the pick to buffer machines are positioned.  1st report: There is no transparent basin because...",2026-05-08,2,242,1.000,1.000,0,32,0,0.938,2,98,0,144,0,30,0,2
DAM1,AMZL-LATAM,Delivery Station,-3.1190,-60.0217,1432,30294,2026,Q1,01,20,0,1,0,0,0,0,0,0,0,0,0,1,0,0,0,0,12,0,0,0,0,0,0.000,0.000,0.000,0.000,0.000,0.000,0.000,0.000,0.000,0.000,0.000,6.602,242,1.000,32,0.938,98,144,30,0,4,17,1,13,3,4,25.0,76.5,25.0,35.3,3,7,0.0,0.0,5.00,4.23,1.0,8.3,,1.0,558.626,112.232,0.500,0.529,"📦 DAM1       👤 @wancardo       ✍️ 1 obs.

In recent days, accidents have been happening with packages containing liquid (cleaning products or wine and sparkling wine). These accidents have been occurring more in the stow area and rarely near the conveyor belt where the pick to buffer machines are positioned.  1st report: There is no transparent basin because...",2026-05-08,2,242,1.000,1.000,0,32,0,0.938,2,98,0,144,0,30,0,2
DBH5,AMZL-LATAM,Delivery Station,-19.9200,-43.9400,2869,168964,2025,Q1,01,52,0,13,0,0,0,0,0,0,0,0,0,13,0,0,0,0,17,0,0,0,0,0,0.000,0.000,0.000,0.000,0.000,0.000,0.000,0.000,0.000,0.000,0.000,15.388,602,1.000,470,0.987,125,474,454,0,1,83,0,70,1,13,0.0,84.3,0.0,50.6,0,16,0.0,0.0,,3.73,,12.0,,16.5,69.705,98.246,1.000,0.289,"📦 DBH5       👤 @mjusccos       ✍️ 1 obs.

The Asml printer, in the position it is in, causes pain in a short time, as it induces inadequate movement. This is because we need to cross our arms and move our backs to stick the label on the packages. We would like to align the possibility of inverting the position of the label maker, in order to ...",2026-04-21,11,602,1.000,1.000,9,470,1.000,0.987,11,125,0,477,9,454,0,16
DBH5,AMZL-LATAM,Delivery Station,-19.9200,-43.9400,3132,65762,2026,Q1,01,20,0,2,0,0,0,0,0,0,0,0,0,2,0,0,0,0,3,0,0,0,0,0,0.000,0.000,0.000,0.000,0.000,0.000,0.000,0.000,0.000,0.000,0.000,6.082,602,1.000,470,0.987,125,474,454,0,1,83,0,70,1,13,0.0,84.3,0.0,50.6,0,16,0.0,0.0,,3.73,,12.0,,16.5,63.855,252.422,1.000,0.289,"📦 DBH5       👤 @mjusccos       ✍️ 1 obs.

The Asml printer, in the position it is in, causes pain in a short time, as it induces inadequate movement. This is because we need to cross our arms and move our backs to stick the label on the packages. We would like to align the possibility of inverting the position of the label maker, in order to ...",2026-04-21,11,602,1.000,1.000,9,470,1.000,0.987,11,125,0,477,9,454,0,16
DBR9,AMZL-LATAM,Delivery Station,-23.5325,-46.7916,9575,62040,2025,Q1,01,52,1,5,0,0,0,0,0,0,0,0,1,5,0,0,0,0,0,0,0,0,0,0,0.000,0.000,0.000,0.000,0.000,0.000,0.000,0.000,0.000,0.000,20.886,16.119,230,0.939,99,0.568,153,67,46,0,6,62,0,49,6,13,0.0,79.0,0.0,0.0,6,26,0.0,0.0,,3.04,,11.5,,,125.315,199.870,0.333,0.097,"📦 DBR9       👤 @vudossan       ✍️ 37 obs.

I come to report that near dock 15 there is a leak that is on top of the power panel.",2026-02-17,10,230,1.000,0.939,0,99,0,0.568,10,153,0,77,0,46,0,53
DBR9,AMZL-LATAM,Delivery Station,-23.5325,-46.7916,13014,250563,2026,Q1,01,20,0,13,0,0,0,0,0,0,0,0,0,10,0,0,0,0,14,0,0,0,0,0,0.000,0.000,0.000,0.000,0.000,0.000,0.000,0.000,0.000,0.000,0.000,7.982,230,0.939,99,0.568,153,67,46,0,6,62,0,49,6,13,0.0,79.0,0.0,0.0,6,26,0.0,0.0,,3.04,,11.5,,,92.202,49.488,0.333,0.097,"📦 DBR9       👤 @vudossan       ✍️ 37 obs.

I come to report that near dock 15 there is a leak that is on top of the power panel.",2026-02-17,10,230,1.000,0.939,0,99,0,0.568,10,153,0,77,0,46,0,53
DBS5,AMZL-LATAM,Delivery Station,-15.8700,-47.9800,3368,184411,2025,Q1,01,52,0,15,0,0,0,2,0,2,0,2,0,13,0,1,0,0,0,0,0,0,0,0,0.000,2.169,0.000,0.000,0.000,2.169,0.000,2.169,0.000,1.085,0.000,14.099,423,0.976,142,1.000,83,338,141,0,1,6,0,2,1,4,0.0,33.3,0.0,0.0,1,3,0.0,0.0,,2.00,,13.0,,,59.371,6.507,1.000,0.333,"📦 DBS5       👤 @vlusilve       ✍️ 4 obs.

I bought soft ankle boots. Because the company's boots hurt me behind my ankle and toes, these boots are hard and made my feet hurt every day and those of other associates.",2026-03-07,15,423,1.000,0.976,4,142,1.000,1.000,5,83,10,340,4,141,0,1
DBS5,AMZL-LATAM,Delivery Station,-15.8700,-47.9800,4389,89284,2026,Q1,01,20,1,7,0,0,0,0,0,0,0,0,0,5,0,0,0,1,7,0,0,0,0,0,0.000,0.000,0.000,0.000,0.000,0.000,0.000,0.000,0.000,0.000,0.000,11.200,423,0.976,142,1.000,83,338,141,0,1,6,0,2,1,4,0.0,33.3,0.0,0.0,1,3,0.0,0.0,,2.00,,13.0,,,45.561,13.440,1.000,0.333,"📦 DBS5       👤 @vlusilve       ✍️ 4 obs.

I bought soft ankle boots. Because the company's boots hurt me behind my ankle and toes, these boots are hard and made my feet hurt every day and those of other associates.",2026-03-07,15,423,1.000,0.976,4,142,1.000,1.000,5,83,10,340,4,141,0,1
DBZ1,AMZL-LATAM,Delivery Station,-23.3350,-46.8550,192,265211,2025,Q1,01,52,0,6,0,0,0,0,0,0,0,0,0,6,0,0,0,0,4,0,0,0,0,0,0.000,0.000,0.000,0.000,0.000,0.000,0.000,0.000,0.000,0.000,0.000,4.525,245,0,122,0.967,0,245,118,0,,1,,0,,1,,0.0,,0.0,,0,,0.0,,,,,,,0.000,0.754,,0.000,,,6,245,0,0,2,122,1.000,0.967,0,0,0,0,2,118,0,4
DBZ1,AMZL-LATAM,Delivery Station,-23.3350,-46.8550,0,137,2026,Q1,01,20,0,0,0,0,0,0,0,0,0,0,0,0,0,0,0,0,0,0,0,0,0,0,0.000,0.000,0.000,0.000,0.000,0.000,0.000,0.000,0.000,0.000,0.000,0.000,245,0,122,0.967,0,245,118,0,,1,,0,,1,,0.0,,0.0,,0,,0.0,,,,,,,,1456.000,,0.000,,,6,245,0,0,2,122,1.000,0.967,0,0,0,0,2,118,0,4
DCE3,AMZL-LATAM,Delivery Station,-3.7900,-38.5100,3851,179406,2025,Q1,01,52,0,14,0,0,0,0,0,0,0,0,0,14,0,0,0,0,27,0,0,0,0,0,0.000,0.000,0.000,0.000,0.000,0.000,0.000,0.000,0.000,0.000,0.000,15.607,533,1.000,539,0.985,109,424,531,0,,112,,98,,14,,87.5,,48.2,,40,,0.0,,3.54,,14.3,,12.9,0.000,124.856,,0.223,"📦 DCE3       👤 @othiavia       ✍️ 1 obs.

Buffer carts specifically on side A, aisles 15 to 18 are without the wheel safety lock, causing undue movement when placing boxes and packages. They do not stay fixed as the locks do not hold",2026-04-25,6,533,1.000,1.000,8,539,1.000,0.985,2,109,4,424,8,531,0,8
DCE3,AMZL-LATAM,Delivery Station,-3.7900,-38.5100,2364,84719,2026,Q1,01,20,0,2,0,0,0,0,0,0,0,0,0,2,0,0,0,0,10,0,0,0,0,0,0.000,0.000,0.000,0.000,0.000,0.000,0.000,0.000,0.000,0.000,0.000,4.721,533,1.000,539,0.985,109,424,531,0,,112,,98,,14,,87.5,,48.2,,40,,0.0,,3.54,,14.3,,12.9,0.000,264.402,,0.223,"📦 DCE3       👤 @othiavia       ✍️ 1 obs.

Buffer carts specifically on side A, aisles 15 to 18 are without the wheel safety lock, causing undue movement when placing boxes and packages. They do not stay fixed as the locks do not hold",2026-04-25,6,533,1.000,1.000,8,539,1.000,0.985,2,109,4,424,8,531,0,8
DCE5,AMZL-LATAM,Delivery Station,-3.8000,-38.5200,1755,3129,2026,Q2,04,20,0,0,0,0,0,0,0,0,0,0,0,0,0,0,0,0,0,0,0,0,0,0,0.000,0.000,0.000,0.000,0.000,0.000,0.000,0.000,0.000,0.000,0.000,0.000,5,1.000,9,1.000,3,1,5,4,7,12,0,0,7,12,0.0,0.0,0.0,0.0,2,4,0.0,0.0,,,,,,,797.467,766.887,0.714,0.667,"📦 DCE5       👤 @dasgefer       ✍️ 1 obs.

Repair, adjust or lubricate the wheels of smartstow carts that are too rigid and lock on their own, which could cause an accident, the cart tipping over, or even injure the member carrying out the process.",2026-05-16,0,5,0,1.000,0,9,0,1.000,0,3,0,2,0,5,0,4
DES2,AMZL-LATAM,Delivery Station,-20.2076,-40.2286,1096,65347,2025,Q1,01,52,0,2,0,0,0,0,0,0,0,0,0,2,0,0,0,0,3,0,0,0,0,0,0.000,0.000,0.000,0.000,0.000,0.000,0.000,0.000,0.000,0.000,0.000,6.121,420,1.000,169,1.000,106,313,169,0,1,14,0,5,1,9,0.0,35.7,0.0,0.0,1,2,0.0,0.0,,3.40,,13.4,,,182.323,42.848,1.000,0.214,"📦 DES2       👤 @bafmaria       ✍️ 11 obs.

I want to record it here. We need for our ipi seat belt lately a lot of pezo is coming. This can help stabilize our spine.",2026-02-27,18,420,1.000,1.000,8,169,1.000,1.000,9,106,9,314,8,169,0,0
DES2,AMZL-LATAM,Delivery Station,-20.2076,-40.2286,1556,31652,2026,Q1,01,20,0,4,0,0,0,0,0,0,0,0,0,4,0,0,0,0,0,0,0,0,0,0,0.000,0.000,0.000,0.000,0.000,0.000,0.000,0.000,0.000,0.000,0.000,25.275,420,1.000,169,1.000,106,313,169,0,1,14,0,5,1,9,0.0,35.7,0.0,0.0,1,2,0.0,0.0,,3.40,,13.4,,,128.478,88.462,1.000,0.214,"📦 DES2       👤 @bafmaria       ✍️ 11 obs.

I want to record it here. We need for our ipi seat belt lately a lot of pezo is coming. This can help stabilize our spine.",2026-02-27,18,420,1.000,1.000,8,169,1.000,1.000,9,106,9,314,8,169,0,0
DFR2,AMZL-LATAM,Delivery Station,-27.5954,-48.5480,1087,11494,2025,Q1,01,52,0,0,0,0,0,0,0,0,0,0,0,0,0,0,0,0,0,0,0,0,0,0,0.000,0.000,0.000,0.000,0.000,0.000,0.000,0.000,0.000,0.000,0.000,0.000,160,0.985,27,1.000,64,92,23,0,1,19,1,17,0,2,100.0,89.5,0.0,31.6,0,11,0.0,0.0,5.00,3.11,1.0,7.5,,8.2,183.877,330.588,1.000,0.368,"📦 DFR2       👤 @anjsousa       ✍️ 1 obs.

Emergency exit when punching the badge, some do not allow the exit to members! In the event of an accident, it is valid for everyone to have access to come and go 🚪🏃‍♂️🚨",2026-04-28,5,160,1.000,0.985,2,27,0,1.000,4,64,1,96,0,23,0,4
DFR2,AMZL-LATAM,Delivery Station,-27.5954,-48.5480,1293,27405,2026,Q1,01,20,0,1,0,0,0,0,0,0,0,0,0,1,0,0,0,0,1,0,0,0,0,0,0.000,0.000,0.000,0.000,0.000,0.000,0.000,0.000,0.000,0.000,0.000,7.298,160,0.985,27,1.000,64,92,23,0,1,19,1,17,0,2,100.0,89.5,0.0,31.6,0,11,0.0,0.0,5.00,3.11,1.0,7.5,,8.2,154.590,138.660,1.000,0.368,"📦 DFR2       👤 @anjsousa       ✍️ 1 obs.

Emergency exit when punching the badge, some do not allow the exit to members! In the event of an accident, it is valid for everyone to have access to come and go 🚪🏃‍♂️🚨",2026-04-28,5,160,1.000,0.985,2,27,0,1.000,4,64,1,96,0,23,0,4
DGO2,AMZL-LATAM,Delivery Station,-16.6869,-49.2648,1700,83984,2025,Q1,01,52,0,4,0,0,0,0,0,0,0,0,0,4,0,0,0,0,1,0,0,0,0,0,0.000,0.000,0.000,0.000,0.000,0.000,0.000,0.000,0.000,0.000,0.000,9.526,506,0.988,177,0.989,84,418,175,0,,1,,0,,1,,0.0,,0.0,,0,,0.0,,,,,,,0.000,2.381,,0.000,,,12,506,1.000,0.988,4,177,1.000,0.989,5,84,7,422,4,175,0,2
DGO2,AMZL-LATAM,Delivery Station,-16.6869,-49.2648,1614,39052,2026,Q1,01,20,0,2,0,0,0,0,0,0,0,0,0,2,0,0,0,0,1,0,0,0,0,0,0.000,0.000,0.000,0.000,0.000,0.000,0.000,0.000,0.000,0.000,0.000,10.243,506,0.988,177,0.989,84,418,175,0,,1,,0,,1,,0.0,,0.0,,0,,0.0,,,,,,,0.000,5.121,,0.000,,,12,506,1.000,0.988,4,177,1.000,0.989,5,84,7,422,4,175,0,2
DMG2,AMZL-LATAM,Delivery Station,-19.9300,-44.0500,1024,14915,2025,Q1,01,52,0,2,0,0,0,0,0,0,0,0,0,2,0,0,0,0,3,0,0,0,0,0,0.000,0.000,0.000,0.000,0.000,0.000,0.000,0.000,0.000,0.000,0.000,26.817,214,1.000,108,0.981,108,101,104,0,5,41,0,32,5,9,0.0,78.0,0.0,29.3,0,13,0.0,0.0,,2.76,,9.3,,18.6,975.707,549.751,0.400,0.268,"📦 DMG2       👤 @frgwalla       ✍️ 6 obs.

The lamp that had fallen on the walkway is now tangled up on top of the profiles and is at risk of causing a short circuit.",2026-03-18,9,214,1.000,1.000,5,108,1.000,0.981,8,108,1,106,3,104,2,4
DMG2,AMZL-LATAM,Delivery Station,-19.9300,-44.0500,1676,35726,2026,Q1,01,20,0,3,0,0,0,0,0,0,0,0,0,3,0,0,0,0,5,0,0,0,0,0,0.000,0.000,0.000,0.000,0.000,0.000,0.000,0.000,0.000,0.000,0.000,16.794,214,1.000,108,0.981,108,101,104,0,5,41,0,32,5,9,0.0,78.0,0.0,29.3,0,13,0.0,0.0,,2.76,,9.3,,18.6,596.620,229.518,0.400,0.268,"📦 DMG2       👤 @frgwalla       ✍️ 6 obs.

The lamp that had fallen on the walkway is now tangled up on top of the profiles and is at risk of causing a short circuit.",2026-03-18,9,214,1.000,1.000,5,108,1.000,0.981,8,108,1,106,3,104,2,4
DPB3,AMZL-LATAM,Delivery Station,-7.1195,-34.8450,1631,80201,2025,Q1,01,52,0,15,0,0,0,1,0,1,0,1,0,14,0,0,0,0,0,0,0,0,0,0,0.000,2.494,0.000,0.000,0.000,2.494,0.000,2.494,0.000,0.000,0.000,34.912,459,1.000,221,0.981,86,370,203,1,24,166,0,135,24,31,0.0,81.3,0.0,0.0,0,10,0.0,0.0,,3.20,,12.7,,,2941.833,413.958,0.167,0.078,"📦 DPB3       👤 @feitowel       ✍️ 7 obs.

Missing identification plate on the stow shelf. Rua A19-1B - BEATRIZ DE ARAUJO - @beatrdea",2026-02-27,13,459,1.000,1.000,5,221,1.000,0.981,4,86,9,373,5,203,0,18
DPB3,AMZL-LATAM,Delivery Station,-7.1195,-34.8450,1879,38578,2026,Q1,01,20,0,4,0,0,0,0,0,0,0,0,0,4,0,0,0,1,4,0,0,0,0,0,0.000,0.000,0.000,0.000,0.000,0.000,0.000,0.000,0.000,0.000,0.000,20.737,459,1.000,221,0.981,86,370,203,1,24,166,0,135,24,31,0.0,81.3,0.0,0.0,0,10,0.0,0.0,,3.20,,12.7,,,2553.668,860.592,0.167,0.078,"📦 DPB3       👤 @feitowel       ✍️ 7 obs.

Missing identification plate on the stow shelf. Rua A19-1B - BEATRIZ DE ARAUJO - @beatrdea",2026-02-27,13,459,1.000,1.000,5,221,1.000,0.981,4,86,9,373,5,203,0,18
DPE4,AMZL-LATAM,Delivery Station,-8.0600,-34.8800,3748,193772,2025,Q1,01,52,0,15,0,0,0,0,0,0,0,0,0,14,0,0,0,0,36,0,0,0,0,0,0.000,0.000,0.000,0.000,0.000,0.000,0.000,0.000,0.000,0.000,0.000,14.450,459,0.987,468,0.974,75,380,454,0,1,40,0,36,1,4,0.0,90.0,0.0,0.0,0,1,0.0,0.0,,4.11,,10.4,,,53.359,41.285,1.000,0.075,"📦 DPE4       👤 @acamilem       ✍️ 1 obs.

Accident Risk Analysis. We have two damaged carts, isolated with yellow and black zebra tape and a label with the inscription ""DAMAGED"".  The risks associated with this scenario are: Cuts and Perforations: Bent metal parts Damaged locks Segregation and Identification: The equipment...",2026-04-10,11,459,1.000,0.987,7,468,1.000,0.974,7,75,4,384,7,454,0,14
DPE4,AMZL-LATAM,Delivery Station,-8.0600,-34.8800,4134,84117,2026,Q1,01,20,0,8,0,0,0,0,0,0,0,0,0,7,0,0,0,2,29,0,0,0,0,0,0.000,0.000,0.000,0.000,0.000,0.000,0.000,0.000,0.000,0.000,0.000,16.643,459,0.987,468,0.974,75,380,454,0,1,40,0,36,1,4,0.0,90.0,0.0,0.0,0,1,0.0,0.0,,4.11,,10.4,,,48.376,95.105,1.000,0.075,"📦 DPE4       👤 @acamilem       ✍️ 1 obs.

Accident Risk Analysis. We have two damaged carts, isolated with yellow and black zebra tape and a label with the inscription ""DAMAGED"".  The risks associated with this scenario are: Cuts and Perforations: Bent metal parts Damaged locks Segregation and Identification: The equipment...",2026-04-10,11,459,1.000,0.987,7,468,1.000,0.974,7,75,4,384,7,454,0,14
DPR2,AMZL-LATAM,Delivery Station,-25.4300,-49.2700,2268,103873,2025,Q1,01,52,1,7,0,0,0,0,0,0,0,0,1,7,0,0,0,0,4,0,0,0,0,0,0.000,0.000,0.000,0.000,0.000,0.000,0.000,0.000,0.000,0.000,88.172,13.478,420,0.986,133,1.000,72,346,133,0,,14,,10,,4,,71.4,,0.0,,1,,0.0,,3.62,,13.7,,,0.000,26.956,,0.429,"📦 DPR2       👤 @adasalex       ✍️ 1 obs.

Good Morning A safety tip Doing an emergency drill with employees, I think it's important because many new employees coming in don't know our meeting point and what to do in case of an emergency. Thank you 🫂",2026-02-24,10,420,1.000,0.986,0,133,0,1.000,6,72,4,348,0,133,0,0
DPR2,AMZL-LATAM,Delivery Station,-25.4300,-49.2700,2551,52189,2026,Q1,01,20,0,2,0,0,0,0,0,0,0,0,0,2,0,0,0,0,2,0,0,0,0,0,0.000,0.000,0.000,0.000,0.000,0.000,0.000,0.000,0.000,0.000,0.000,7.664,420,0.986,133,1.000,72,346,133,0,,14,,10,,4,,71.4,,0.0,,1,,0.0,,3.62,,13.7,,,0.000,53.650,,0.429,"📦 DPR2       👤 @adasalex       ✍️ 1 obs.

Good Morning A safety tip Doing an emergency drill with employees, I think it's important because many new employees coming in don't know our meeting point and what to do in case of an emergency. Thank you 🫂",2026-02-24,10,420,1.000,0.986,0,133,0,1.000,6,72,4,348,0,133,0,0
DRJ3,AMZL-LATAM,Delivery Station,-22.7800,-43.3100,5817,334221,2025,Q1,01,52,1,17,0,0,0,3,0,3,0,2,1,14,0,1,0,0,9,0,0,0,0,0,0.000,1.795,0.000,0.000,0.000,1.795,0.000,1.197,0.000,0.598,34.380,8.378,575,0.984,266,0.992,125,444,264,0,2,5,0,2,2,3,0.0,40.0,0.0,0.0,2,4,0.0,0.0,,2.00,,15.0,,,68.759,2.992,1.000,0.800,"📦 DRJ3       👤 @lorrangu       ✍️ 1 obs.

There is a socket in the problem solve area that has a wire connected, but it is creating a risk for PS members who circulate around the structure where it is located, causing tripping over the wiring and the possibility of falling. I already tripped and tried to hide the wire more but it t...",2026-02-05,18,575,1.000,0.984,6,266,1.000,0.992,6,125,12,450,6,264,0,2
DRJ3,AMZL-LATAM,Delivery Station,-22.7800,-43.3100,4530,132376,2026,Q1,01,20,0,2,0,0,0,0,0,0,0,0,0,2,0,0,0,0,3,0,0,0,0,0,0.000,0.000,0.000,0.000,0.000,0.000,0.000,0.000,0.000,0.000,0.000,3.022,575,0.984,266,0.992,125,444,264,0,2,5,0,2,2,3,0.0,40.0,0.0,0.0,2,4,0.0,0.0,,2.00,,15.0,,,88.284,7.554,1.000,0.800,"📦 DRJ3       👤 @lorrangu       ✍️ 1 obs.

There is a socket in the problem solve area that has a wire connected, but it is creating a risk for PS members who circulate around the structure where it is located, causing tripping over the wiring and the possibility of falling. I already tripped and tried to hide the wire more but it t...",2026-02-05,18,575,1.000,0.984,6,266,1.000,0.992,6,125,12,450,6,264,0,2
DRJ5,AMZL-LATAM,Delivery Station,-22.8700,-43.3500,817,1213,2026,Q2,04,20,0,0,0,0,0,0,0,0,0,0,0,0,0,0,0,0,0,0,0,0,0,0,0.000,0.000,0.000,0.000,0.000,0.000,0.000,0.000,0.000,0.000,0.000,0.000,2,1.000,0,0,1,0,0,0,1,2,0,0,1,2,0.0,0.0,0.0,0.0,1,1,0.0,0.0,,,,,,,244.546,329.639,1.000,0.500,"📦 DRJ5       👤 @migormma       ✍️ 6 obs.

WHS Team, I request attention to the case of suspension of products (detergents, disinfectants, etc.) Ypê with final batches “1” by ANVISA exposes serious failures in sanitary control and possible contamination by Pseudomonas aeruginosa, bacteria associated with severe infections, sepsis and high mortality in people...",2026-05-11,1,2,1.000,1.000,0,0,0,0,1,1,0,1,0,0,0,0
DRS5,AMZL-LATAM,Delivery Station,-29.9700,-51.1800,2399,110608,2025,Q1,01,52,0,8,0,0,0,1,0,1,0,1,0,6,0,0,0,0,7,0,0,0,0,0,0.000,1.808,0.000,0.000,0.000,1.808,0.000,1.808,0.000,0.000,0.000,10.849,403,0.972,164,0.970,69,329,159,0,1,9,1,8,0,1,100.0,88.9,0.0,0.0,0,1,0.0,0.0,3.00,3.75,,10.8,,,83.363,16.274,1.000,0.222,"📦 DRS5       👤 @dsigiova       ✍️ 1 obs.

CST9-583-STC stroller with damaged wheel.",2026-03-25,7,403,1.000,0.972,4,164,1.000,0.970,3,69,4,334,4,159,0,5
DRS5,AMZL-LATAM,Delivery Station,-29.9700,-51.1800,2866,60944,2026,Q1,01,20,0,4,0,0,0,0,0,0,0,0,0,3,0,0,0,0,1,0,0,0,0,0,0.000,0.000,0.000,0.000,0.000,0.000,0.000,0.000,0.000,0.000,0.000,9.845,403,0.972,164,0.970,69,329,159,0,1,9,1,8,0,1,100.0,88.9,0.0,0.0,0,1,0.0,0.0,3.00,3.75,,10.8,,,69.783,29.535,1.000,0.222,"📦 DRS5       👤 @dsigiova       ✍️ 1 obs.

CST9-583-STC stroller with damaged wheel.",2026-03-25,7,403,1.000,0.972,4,164,1.000,0.970,3,69,4,334,4,159,0,5
DSA8,AMZL-LATAM,Delivery Station,-12.7000,-38.3300,1759,103617,2025,Q1,01,52,0,7,0,1,0,2,0,2,0,2,0,5,0,0,0,0,5,0,0,0,0,0,0.000,3.860,0.000,1.930,0.000,3.860,0.000,3.860,0.000,0.000,0.000,9.651,433,0.975,294,0.966,79,350,281,0,,70,,45,,25,,64.3,,0.0,,3,,0.0,,2.52,,14.8,,,0.000,135.113,,0.086,"📦 DSA8       👤 @gpereile       ✍️ 1 obs.

I would like to highlight the importance of changing shuttles, those arriving at the station are old, many without locks, many broken and at risk of being cut or dismantled under weight. The new ones with elastic are much more practical and safe!",2026-04-17,9,433,1.000,0.975,10,294,0.600,0.966,4,79,5,354,6,281,4,13
DSA8,AMZL-LATAM,Delivery Station,-12.7000,-38.3300,2055,46109,2026,Q1,01,20,0,2,0,0,0,0,0,0,0,0,0,2,0,0,0,0,1,0,0,0,0,0,0.000,0.000,0.000,0.000,0.000,0.000,0.000,0.000,0.000,0.000,0.000,8.675,433,0.975,294,0.966,79,350,281,0,,70,,45,,25,,64.3,,0.0,,3,,0.0,,2.52,,14.8,,,0.000,303.626,,0.086,"📦 DSA8       👤 @gpereile       ✍️ 1 obs.

I would like to highlight the importance of changing shuttles, those arriving at the station are old, many without locks, many broken and at risk of being cut or dismantled under weight. The new ones with elastic are much more practical and safe!",2026-04-17,9,433,1.000,0.975,10,294,0.600,0.966,4,79,5,354,6,281,4,13
DSP2,AMZL-LATAM,Delivery Station,-23.5230,-46.6920,2606,157118,2025,Q1,01,52,0,19,0,0,0,0,0,0,0,0,0,19,0,0,0,0,9,0,0,0,0,0,0.000,0.000,0.000,0.000,0.000,0.000,0.000,0.000,0.000,0.000,0.000,24.186,444,1.000,246,0.972,77,367,239,0,1,45,0,39,1,6,0.0,86.7,0.0,37.8,0,16,0.0,0.0,,3.73,,13.1,,15.3,76.725,57.282,1.000,0.422,"📦 DSP2       👤 @lrysilva       ✍️ 1 obs.

A lamp was identified on the dispatch ramp in the external area that was balanced by the wind.  The security team was notified to carry out isolation.  The lamp fell minutes after the communication, preventing accidents.",2026-03-18,9,444,1.000,1.000,2,246,1.000,0.972,6,77,3,367,2,239,0,7
DSP2,AMZL-LATAM,Delivery Station,-23.5230,-46.6920,3853,66237,2026,Q1,01,20,0,1,0,0,0,0,0,0,0,0,0,1,0,0,0,0,2,0,0,0,0,0,0.000,0.000,0.000,0.000,0.000,0.000,0.000,0.000,0.000,0.000,0.000,3.019,444,1.000,246,0.972,77,367,239,0,1,45,0,39,1,6,0.0,86.7,0.0,37.8,0,16,0.0,0.0,,3.73,,13.1,,15.3,51.900,135.876,1.000,0.422,"📦 DSP2       👤 @lrysilva       ✍️ 1 obs.

A lamp was identified on the dispatch ramp in the external area that was balanced by the wind.  The security team was notified to carry out isolation.  The lamp fell minutes after the communication, preventing accidents.",2026-03-18,9,444,1.000,1.000,2,246,1.000,0.972,6,77,3,367,2,239,0,7
DSP3,AMZL-LATAM,Delivery Station,-23.5500,-46.6350,3163,345315,2025,Q1,01,52,0,31,0,1,0,2,0,2,0,2,0,29,0,0,0,0,13,0,0,0,0,0,0.000,1.158,0.000,0.579,0.000,1.158,0.000,1.158,0.000,0.000,0.000,16.796,362,0.957,201,0.891,22,339,179,0,,30,,25,,5,,83.3,,0.0,,21,,0.0,,4.45,,14.6,,,0.000,17.375,,0.233,"📦 DSP3       👤 @isaboliv       ✍️ 11 obs.

This week, February 3rd, in the area where the cell phone access is located, there are two fallen iron bars (handrails), where they are not covering a place of extreme danger, in the box with high energy, there is a risk of someone accidentally bumping into them and God knows what will happen.",2026-02-04,4,362,0,0.957,2,201,1.000,0.891,0,22,0,340,2,179,0,22
DSP3,AMZL-LATAM,Delivery Station,-23.5500,-46.6350,0,17421,2026,Q1,01,20,0,0,0,0,0,0,0,0,0,0,0,0,0,0,0,0,0,0,0,0,0,0,0.000,0.000,0.000,0.000,0.000,0.000,0.000,0.000,0.000,0.000,0.000,0.000,362,0.957,201,0.891,22,339,179,0,,30,,25,,5,,83.3,,0.0,,21,,0.0,,4.45,,14.6,,,,344.399,,0.233,"📦 DSP3       👤 @isaboliv       ✍️ 11 obs.

This week, February 3rd, in the area where the cell phone access is located, there are two fallen iron bars (handrails), where they are not covering a place of extreme danger, in the box with high energy, there is a risk of someone accidentally bumping into them and God knows what will happen.",2026-02-04,4,362,0,0.957,2,201,1.000,0.891,0,22,0,340,2,179,0,22
DSP4,AMZL-LATAM,Delivery Station,-23.6914,-46.5646,2250,35563,2025,Q1,01,52,0,2,0,0,0,0,0,0,0,0,0,2,0,0,0,0,0,0,0,0,0,0,0.000,0.000,0.000,0.000,0.000,0.000,0.000,0.000,0.000,0.000,0.000,11.247,240,0.981,227,0.978,104,130,220,2,13,112,1,80,12,32,7.7,71.4,0.0,49.1,2,52,0.0,0.0,5.00,3.51,,13.6,,11.1,1155.407,629.855,0.615,0.348,"📦 DSP4       👤 @eduamain       ✍️ 1 obs.

On 02/02/2026, we had a dispatcher called Péricles present in the operation representing the company Veloso. Péricles greatly hindered the operation in terms of organizing waves of vehicles. He ordered cars to go up the ramp when they weren't supposed to go up, creating safety risks because...",2026-02-03,10,240,0.889,0.981,13,227,1.000,0.978,8,104,2,136,11,220,2,7
DSP4,AMZL-LATAM,Delivery Station,-23.6914,-46.5646,2947,68559,2026,Q1,01,20,0,2,0,0,0,0,0,0,0,0,0,2,0,0,0,0,5,0,0,0,0,0,0.000,0.000,0.000,0.000,0.000,0.000,0.000,0.000,0.000,0.000,0.000,5.834,240,0.981,227,0.978,104,130,220,2,13,112,1,80,12,32,7.7,71.4,0.0,49.1,2,52,0.0,0.0,5.00,3.51,,13.6,,11.1,882.067,326.722,0.615,0.348,"📦 DSP4       👤 @eduamain       ✍️ 1 obs.

On 02/02/2026, we had a dispatcher called Péricles present in the operation representing the company Veloso. Péricles greatly hindered the operation in terms of organizing waves of vehicles. He ordered cars to go up the ramp when they weren't supposed to go up, creating safety risks because...",2026-02-03,10,240,0.889,0.981,13,227,1.000,0.978,8,104,2,136,11,220,2,7
DSP5,AMZL-LATAM,Delivery Station,-23.4500,-46.5300,3643,178065,2025,Q1,01,52,0,7,0,0,0,1,0,1,0,1,0,6,0,0,0,0,4,0,0,0,0,0,0.000,1.123,0.000,0.000,0.000,1.123,0.000,1.123,0.000,0.000,0.000,6.739,515,1.000,185,0.995,114,397,182,0,3,162,0,136,3,26,0.0,84.0,0.0,9.3,1,68,0.0,0.0,,3.42,,14.5,,18.8,164.665,181.956,0.667,0.241,"📦 DSP5       👤 @livigalb       ✍️ 1 obs.

Fix the flashing lights, I've heard complaints about labyrinthitis because of this and it can cause an accident.",2026-03-20,15,515,1.000,1.000,8,185,1.000,0.995,6,114,9,401,8,182,0,3
DSP5,AMZL-LATAM,Delivery Station,-23.4500,-46.5300,3136,67206,2026,Q1,01,20,0,1,0,0,0,0,0,0,0,0,0,1,0,0,0,2,8,0,0,0,0,0,0.000,0.000,0.000,0.000,0.000,0.000,0.000,0.000,0.000,0.000,0.000,2.976,515,1.000,185,0.995,114,397,182,0,3,162,0,136,3,26,0.0,84.0,0.0,9.3,1,68,0.0,0.0,,3.42,,14.5,,18.8,191.318,482.094,0.667,0.241,"📦 DSP5       👤 @livigalb       ✍️ 1 obs.

Fix the flashing lights, I've heard complaints about labyrinthitis because of this and it can cause an accident.",2026-03-20,15,515,1.000,1.000,8,185,1.000,0.995,6,114,9,401,8,182,0,3
ECB8,AMZL-LATAM,Delivery Station / Marketplace Fulfillment Network (MFN),-22.9099,-47.0626,229,5923,2026,Q1,02,20,0,1,0,0,0,0,0,0,0,0,0,1,0,0,0,0,0,0,0,0,0,0,0.000,0.000,0.000,0.000,0.000,0.000,0.000,0.000,0.000,0.000,0.000,33.763,24,1.000,6,1.000,22,0,6,0,,29,,28,,1,,96.6,,0.0,,9,,0.0,,2.79,,6.7,,,0.000,979.134,,0.276,"📦 ECB8       👤 @hdasromu       ✍️ 2 obs.

On 02/20/2026, it was observed in the dock area that the levelers of docks 1 and 2 in the part that makes contact with the truck were dented, which causes the shuttles to brake either during unloading or loading, where an accident may occur when the shuttle opens and falls.",2026-02-20,2,24,1.000,1.000,0,6,0,1.000,2,22,0,2,0,6,0,0
EGO8,AMZL-LATAM,Delivery Station / Marketplace Fulfillment Network (MFN),-16.6869,-49.2648,150,1355,2026,Q1,02,20,0,0,0,0,0,0,0,0,0,0,0,0,0,0,0,0,0,0,0,0,0,0,0.000,0.000,0.000,0.000,0.000,0.000,0.000,0.000,0.000,0.000,0.000,0.000,10,0.667,4,1.000,6,0,4,0,,1,,0,,1,,0.0,,0.0,,0,,0.0,,,,,,,0.000,147.567,,0.000,,,1,10,1.000,0.667,0,4,0,1.000,1,6,0,4,0,4,0,0
ELP8,AMZL-LATAM,Delivery Station / Marketplace Fulfillment Network (MFN),-23.6500,-46.8500,1790,5913,2026,Q2,04,20,0,1,0,0,0,0,0,0,0,0,0,1,0,0,0,1,2,0,0,0,0,0,0.000,0.000,0.000,0.000,0.000,0.000,0.000,0.000,0.000,0.000,0.000,33.819,42,1.000,6,1.000,41,0,6,0,4,22,0,17,4,5,0.0,77.3,0.0,0.0,3,12,0.0,0.0,,4.65,,14.1,,,446.878,744.013,0.500,0.318,"📦 ELP8       👤 @oferdasi       ✍️ 4 obs.

I would like to register an incident regarding the dock 2 light not working.   Because of this, an accident could happen to the employee when entering the truck.",2026-04-26,6,42,1.000,1.000,0,6,0,1.000,6,41,0,1,0,6,0,0
EMG8,AMZL-LATAM,Delivery Station / Marketplace Fulfillment Network (MFN),-19.9300,-44.0500,413,4715,2026,Q1,02,20,0,0,0,0,0,0,0,0,0,0,0,0,0,0,0,0,0,0,0,0,0,0,0.000,0.000,0.000,0.000,0.000,0.000,0.000,0.000,0.000,0.000,0.000,0.000,18,1.000,21,1.000,15,1,15,0,,3,,2,,1,,66.7,,0.0,,2,,0.0,,3.00,,12.5,,,0.000,127.251,,0.333,"📦 EMG8       👤 @magalhth       ✍️ 2 obs.

Taking into account that we receive a high demand for small packages, I would like to suggest an idea for improving the process of transferring and loading/unloading these packages into carts. Because they are very small, they end up falling out of the carts when being moved and becoming...",2026-04-02,0,18,0,1.000,0,21,0,1.000,0,15,0,3,0,15,0,6
EPE8,AMZL-LATAM,Delivery Station / Marketplace Fulfillment Network (MFN),-8.0500,-34.8700,119,1319,2026,Q1,02,20,0,0,0,0,0,0,0,0,0,0,0,0,0,0,0,0,0,0,0,0,0,0,0.000,0.000,0.000,0.000,0.000,0.000,0.000,0.000,0.000,0.000,0.000,0.000,11,1.000,2,1.000,11,0,2,0,,1,,0,,1,,0.0,,0.0,,0,,0.0,,,,,,,0.000,151.546,,0.000,,,1,11,1.000,1.000,0,2,0,1.000,1,11,0,0,0,2,0,0
EQU8,AMZL-LATAM,Delivery Station / Marketplace Fulfillment Network (MFN),-12.9714,-38.5124,0,41,2026,Q2,04,20,0,0,0,0,0,0,0,0,0,0,0,0,0,0,0,0,0,0,0,0,0,0,0.000,0.000,0.000,0.000,0.000,0.000,0.000,0.000,0.000,0.000,0.000,0.000,27,0.913,8,1.000,21,0,8,0,,1,,0,,1,,0.0,,0.0,,0,,0.0,,,,,,,,4777.066,,0.000,,,1,27,1.000,0.913,0,8,0,1.000,1,21,0,6,0,8,0,0
ERS8,AMZL-LATAM,Delivery Station / Marketplace Fulfillment Network (MFN),-29.9700,-51.1800,167,2111,2026,Q1,02,20,0,0,0,0,0,0,0,0,0,0,0,0,0,0,0,0,0,0,0,0,0,0,0.000,0.000,0.000,0.000,0.000,0.000,0.000,0.000,0.000,0.000,0.000,0.000,17,0.933,12,0.833,14,0,10,0,,1,,0,,1,,0.0,,0.0,,0,,0.0,,,,,,,0.000,94.738,,0.000,,,2,17,1.000,0.933,2,12,1.000,0.833,2,14,0,3,2,10,0,2
ESA8,AMZL-LATAM,Delivery Station / Marketplace Fulfillment Network (MFN),-12.7000,-38.3300,1808,21757,2026,Q1,02,20,0,0,0,0,0,0,0,0,0,0,0,0,0,0,0,0,3,0,0,0,0,0,0.000,0.000,0.000,0.000,0.000,0.000,0.000,0.000,0.000,0.000,0.000,0.000,34,1.000,1,1.000,33,0,1,0,1,2,0,0,1,2,0.0,0.0,0.0,0.0,1,1,0.0,0.0,,,,,,,110.595,18.384,1.000,0.500,"📦 ESA8       👤 @brunfalv       ✍️ 1 obs.

You need to change the safety nets on the carts we use for collections.  All broken, Cain collects on the floor.  Some wheels lock with the weight of the merchandise, difficult to transport",2026-05-14,3,34,1.000,1.000,0,1,0,1.000,3,33,0,1,0,1,0,0
ESB8,AMZL-LATAM,Delivery Station / Marketplace Fulfillment Network (MFN),-15.8700,-47.9800,165,1456,2026,Q1,03,20,0,0,0,0,0,0,0,0,0,0,0,0,0,0,0,0,0,0,0,0,0,0,0.000,0.000,0.000,0.000,0.000,0.000,0.000,0.000,0.000,0.000,0.000,0.000,21,0.947,10,1.000,18,0,10,0,,3,,2,,1,,66.7,,0.0,,2,,0.0,,3.00,,13.0,,,0.000,411.840,,0.667,"📦 ESB8       👤 @wiliromu       ✍️ 1 obs.

The station's fan is having problems, it is not in the correct position, it keeps ventilating the ceiling, and we get more heat in the warehouse which is already quite hot, there are two exhaust fans that are located at the warehouse's ceiling and are generally off, if we had at least one available it would be great,...",2026-04-17,1,21,1.000,0.947,0,10,0,1.000,1,18,0,3,0,10,0,0
ESE8,AMZL-LATAM,Delivery Station / Marketplace Fulfillment Network (MFN),-20.2076,-40.2286,346,3784,2026,Q1,02,20,0,0,0,0,0,0,0,0,0,0,0,0,0,0,0,0,0,0,0,0,0,0,0.000,0.000,0.000,0.000,0.000,0.000,0.000,0.000,0.000,0.000,0.000,0.000,33,0.875,4,1.000,28,0,4,0,,16,,14,,2,,87.5,,0.0,,14,,0.0,,2.86,,10.9,,,0.000,845.531,,0.188,"📦 ESE8       👤 @kaamorim       ✍️ 8 obs.

I think it is important to have a sound signal at the entrance to the parking lot close to the gate, so that when the vehicle passes by, it alerts pedestrians and can avoid accidents.",2026-03-21,3,33,1.000,0.875,2,4,1.000,1.000,3,28,0,5,2,4,0,0
ESS8,AMZL-LATAM,Delivery Station / Marketplace Fulfillment Network (MFN),-23.5500,-46.6350,122,1178,2026,Q1,02,20,0,0,0,0,0,0,0,0,0,0,0,0,0,0,0,0,0,0,0,0,0,0,0.000,0.000,0.000,0.000,0.000,0.000,0.000,0.000,0.000,0.000,0.000,0.000,11,1.000,2,1.000,9,0,2,0,,1,,0,,1,,0.0,,0.0,,0,,0.0,,,,,,,0.000,169.770,,0.000,,,1,11,1.000,1.000,2,2,1.000,1.000,1,9,0,2,2,2,0,0
EUA8,AMZL-LATAM,Delivery Station / Marketplace Fulfillment Network (MFN),-23.5505,-46.6333,245,3336,2026,Q1,02,20,0,0,0,0,0,0,0,0,0,0,0,0,0,0,0,0,1,0,0,0,0,0,0.000,0.000,0.000,0.000,0.000,0.000,0.000,0.000,0.000,0.000,0.000,0.000,14,1.000,0,0,13,0,0,0,,3,,2,,1,,66.7,,0.0,,2,,0.0,,5.00,,13.5,,,0.000,179.825,,0.667,"📦 EUA8       👤 @amanquei       ✍️ 1 obs.

Signaling a safe path. We have two operations working at the same time, several times I find the path obstructed by cages etc... We should have a safe path to be respected where obstruction should be extremely prohibited.",2026-04-16,0,14,0,1.000,0,0,0,0,0,13,0,1,0,0,0,0
EVT8,AMZL-LATAM,Delivery Station / Marketplace Fulfillment Network (MFN),-20.2076,-40.2286,373,4805,2026,Q1,02,20,0,0,0,0,0,0,0,0,0,0,0,0,0,0,0,0,0,0,0,0,0,0,0.000,0.000,0.000,0.000,0.000,0.000,0.000,0.000,0.000,0.000,0.000,0.000,22,0.905,12,1.000,19,0,12,0,,1,,0,,1,,0.0,,0.0,,0,,0.0,,,,,,,0.000,41.620,,0.000,,,2,22,1.000,0.905,2,12,1.000,1.000,2,19,0,3,2,12,0,0
FOR2,LATAMCF,Mixed (Traditional Sortable and Non-sortable),-3.8671,-38.5119,11461,979398,2025,Q1,01,52,1,135,0,0,0,3,0,3,0,3,1,132,0,0,0,2,181,0,0,0,0,0,0.000,0.613,0.000,0.000,0.000,0.613,0.000,0.613,0.000,0.000,17.450,26.955,1719,1.000,5971,0.985,370,1347,5863,8,1,138,0,126,1,12,0.0,91.3,0.0,28.3,0,21,0.0,0.0,,3.09,,12.4,,12.8,17.450,28.181,1.000,0.348,"📦 FOR2       👤 @frcrval       ✍️ 3 obs.

""About the bandanas used by members: current cable ties have sharp ends that present a risk of accidents. A solution to avoid cuts and injuries would be to purchase key rings to replace them.""",2026-04-04,47,1719,1.000,1.000,179,5971,0.988,0.985,22,370,25,1349,165,5863,14,108
FOR2,LATAMCF,Mixed (Traditional Sortable and Non-sortable),-3.8671,-38.5119,16879,402128,2026,Q1,01,20,1,42,0,0,0,2,0,2,0,1,1,40,0,0,0,12,191,0,0,0,0,0,0.000,0.995,0.000,0.000,0.000,0.995,0.000,0.497,0.000,0.000,11.849,19.894,1719,1.000,5971,0.985,370,1347,5863,8,1,138,0,126,1,12,0.0,91.3,0.0,28.3,0,21,0.0,0.0,,3.09,,12.4,,12.8,11.849,68.635,1.000,0.348,"📦 FOR2       👤 @frcrval       ✍️ 3 obs.

""About the bandanas used by members: current cable ties have sharp ends that present a risk of accidents. A solution to avoid cuts and injuries would be to purchase key rings to replace them.""",2026-04-04,47,1719,1.000,1.000,179,5971,0.988,0.985,22,370,25,1349,165,5863,14,108
GIG1,LATAMCF,Mixed (Traditional Sortable and Non-sortable),-22.8002,-43.3513,30262,2410525,2025,Q1,01,52,0,235,0,0,0,1,0,1,0,1,0,234,0,0,0,2,120,0,0,0,0,0,0.000,0.083,0.000,0.000,0.000,0.083,0.000,0.083,0.000,0.000,0.000,19.415,4415,0.994,7407,0.992,786,3620,7342,0,13,380,2,348,11,32,15.4,91.6,0.0,3.4,4,37,0.0,0.0,4.00,3.36,2.0,10.1,,9.6,85.916,31.528,0.692,0.179,"📦 GIG1       👤 @migormma       ✍️ 6 obs.

WHS Team, I request attention to the case of suspension of products (detergents, disinfectants, etc.) Ypê with final batches “1” by ANVISA exposes serious failures in sanitary control and possible contamination by Pseudomonas aeruginosa, bacteria associated with severe infections, sepsis and high mortality in people...",2026-05-11,114,4415,1.000,0.994,208,7407,1.000,0.992,60,786,54,3629,206,7342,2,65
GIG1,LATAMCF,Mixed (Traditional Sortable and Non-sortable),-22.8002,-43.3513,34412,758841,2026,Q1,01,20,3,62,0,0,0,0,0,0,0,0,3,62,0,0,0,13,95,0,0,0,0,0,0.000,0.000,0.000,0.000,0.000,0.000,0.000,0.000,0.000,0.000,17.436,16.341,4415,0.994,7407,0.992,786,3620,7342,0,13,380,2,348,11,32,15.4,91.6,0.0,3.4,4,37,0.0,0.0,4.00,3.36,2.0,10.1,,9.6,75.555,100.153,0.692,0.179,"📦 GIG1       👤 @migormma       ✍️ 6 obs.

WHS Team, I request attention to the case of suspension of products (detergents, disinfectants, etc.) Ypê with final batches “1” by ANVISA exposes serious failures in sanitary control and possible contamination by Pseudomonas aeruginosa, bacteria associated with severe infections, sepsis and high mortality in people...",2026-05-11,114,4415,1.000,0.994,208,7407,1.000,0.992,60,786,54,3629,206,7342,2,65
GIG7,ATS-LATAM,Sort Center,-22.8000,-43.3500,5581,149869,2025,Q1,01,52,2,22,0,0,0,0,0,0,0,0,2,22,0,0,0,2,18,0,0,0,0,0,0.000,0.000,0.000,0.000,0.000,0.000,0.000,0.000,0.000,0.000,71.662,29.359,808,0.988,707,0.977,237,565,691,0,7,213,2,193,5,20,28.6,90.6,0.0,39.0,1,24,0.0,0.0,,3.26,5.0,11.3,,16.9,250.818,284.248,0.714,0.216,"📦 GIG7       👤 @mendcaxe       ✍️ 1 obs.

The carpet on 6th Street has the tape coming off considerably, putting someone at risk of tripping. You might want to check the tapes holding the other mats together.",2026-02-12,24,808,1.000,0.988,25,707,1.000,0.977,24,237,0,571,25,691,0,16
GIG7,ATS-LATAM,Sort Center,-22.8000,-43.3500,6673,134453,2026,Q1,01,20,0,14,0,0,0,0,0,0,0,0,0,14,0,0,0,1,25,0,0,0,0,0,0.000,0.000,0.000,0.000,0.000,0.000,0.000,0.000,0.000,0.000,0.000,20.825,808,0.988,707,0.977,237,565,691,0,7,213,2,193,5,20,28.6,90.6,0.0,39.0,1,24,0.0,0.0,,3.26,5.0,11.3,,16.9,209.779,316.838,0.714,0.216,"📦 GIG7       👤 @mendcaxe       ✍️ 1 obs.

The carpet on 6th Street has the tape coming off considerably, putting someone at risk of tripping. You might want to check the tapes holding the other mats together.",2026-02-12,24,808,1.000,0.988,25,707,1.000,0.977,24,237,0,571,25,691,0,16
GRU5,LATAMCF,Traditional Sortable Softlines,-23.3305,-46.8506,44528,2007254,2025,Q1,01,52,3,247,0,0,0,2,0,2,0,2,3,245,0,1,0,2,228,0,0,0,1,0,0.000,0.199,0.000,0.000,0.000,0.199,0.000,0.199,0.000,0.100,13.475,24.411,2322,0.993,6542,0.999,596,1713,6518,0,131,2006,53,1796,78,210,40.5,89.5,17.6,27.5,31,610,0.0,0.0,3.00,3.22,3.5,13.2,1.5,20.1,588.388,199.875,0.168,0.174,"📦 GRU5       👤 @jursilva       ✍️ 2 obs.

While I was working on the pick I located a bin damaged by a knife that was stuck from one bin to another. the knife was located on the 2nd floor between 129th and 130th streets inside the bim the knife was in a way that it could hurt someone

ðŸ’ª Above and beyond! Recognize them: https://atoz.amazon.work/shout-outs
",2026-04-08,66,2322,1.000,0.993,152,6542,1.000,0.999,39,596,27,1726,150,6518,2,24
GRU5,LATAMCF,Traditional Sortable Softlines,-23.3305,-46.8506,31011,693112,2026,Q1,01,20,5,70,0,0,0,0,0,0,0,0,5,70,0,0,0,10,169,0,0,0,0,0,0.000,0.000,0.000,0.000,0.000,0.000,0.000,0.000,0.000,0.000,32.246,20.199,2322,0.993,6542,0.999,596,1713,6518,0,131,2006,53,1796,78,210,40.5,89.5,17.6,27.5,31,610,0.0,0.0,3.00,3.22,3.5,13.2,1.5,20.1,844.848,578.839,0.168,0.174,"📦 GRU5       👤 @jursilva       ✍️ 2 obs.

While I was working on the pick I located a bin damaged by a knife that was stuck from one bin to another. the knife was located on the 2nd floor between 129th and 130th streets inside the bim the knife was in a way that it could hurt someone

ðŸ’ª Above and beyond! Recognize them: https://atoz.amazon.work/shout-outs
",2026-04-08,66,2322,1.000,0.993,152,6542,1.000,0.999,39,596,27,1726,150,6518,2,24
GRU6,LATAMCF,Traditional Non Sortable,-23.3494,-46.8745,0,0,2025,Q1,01,52,0,0,0,0,0,0,0,0,0,0,0,0,0,0,0,0,0,0,0,0,0,0,0.000,0.000,0.000,0.000,0.000,0.000,0.000,0.000,0.000,0.000,0.000,0.000,0,0,0,0,0,0,0,0,,,,,,,,,,,,,,,,,,,,,,,,,,,0,0,0,0,0,0,0,0,0,0,0,0,0,0,0,0
GRU8,LATAMCF,Mixed (Traditional Sortable and Non-sortable),-23.3494,-46.8745,2604,385443,2025,Q1,01,52,0,69,0,0,0,1,0,1,0,1,0,68,0,1,0,2,82,0,0,0,0,0,0.000,0.519,0.000,0.000,0.000,0.519,0.000,0.519,0.000,0.519,0.000,35.284,832,0.977,1133,0.981,86,740,1110,0,5,51,1,28,4,23,20.0,54.9,0.0,3.9,1,15,0.0,0.0,5.00,3.50,1.0,12.0,,4.0,383.991,26.463,0.600,0.529,"📦 GRU8       👤 @beatrisq       ✍️ 1 obs.

During my time as a PS (ISS and CASE), I noticed that many of our carts have the plastic coverings coming off the wood and this can occasionally result in a serious injury to one of the associates who need to use them. I would like to ask you to remove this loose layer or coating...

ðŸ’ª Above and beyond! Recognize them: https://atoz.amazon.work/shout-outs
",2026-05-15,21,832,0.923,0.977,24,1133,1.000,0.981,12,86,9,746,24,1110,0,23
GRU8,LATAMCF,Mixed (Traditional Sortable and Non-sortable),-23.3494,-46.8745,29167,204409,2026,Q1,01,20,7,16,0,0,0,0,0,0,0,0,7,16,0,0,0,5,22,0,0,0,0,0,0.000,0.000,0.000,0.000,0.000,0.000,0.000,0.000,0.000,0.000,47.999,15.655,832,0.977,1133,0.981,86,740,1110,0,5,51,1,28,4,23,20.0,54.9,0.0,3.9,1,15,0.0,0.0,5.00,3.50,1.0,12.0,,4.0,34.285,49.900,0.600,0.529,"📦 GRU8       👤 @beatrisq       ✍️ 1 obs.

During my time as a PS (ISS and CASE), I noticed that many of our carts have the plastic coverings coming off the wood and this can occasionally result in a serious injury to one of the associates who need to use them. I would like to ask you to remove this loose layer or coating...

ðŸ’ª Above and beyond! Recognize them: https://atoz.amazon.work/shout-outs
",2026-05-15,21,832,0.923,0.977,24,1133,1.000,0.981,12,86,9,746,24,1110,0,23
GRU9,LATAMCF,Traditional Sortable Softlines,-23.3565,-46.8769,47090,2463233,2025,Q1,01,52,4,235,0,0,0,0,0,0,0,0,4,235,0,0,0,2,218,0,0,0,0,0,0.000,0.000,0.000,0.000,0.000,0.000,0.000,0.000,0.000,0.000,16.989,19.081,3135,0.974,8346,0.991,933,2167,8256,2,81,2038,8,1699,73,339,9.9,83.4,1.2,0.4,37,872,0.0,0.0,4.60,3.00,1.5,13.2,1.0,2.0,344.022,165.474,0.469,0.391,"📦 GRU9       👤 @tainanb       ✍️ 8 obs.

Luminous Evacuation Signal for the Deaf in Operational Area Visual emergency alert system designed to ensure inclusive safety in industrial environments. Composed of high intensity stroboscopic beacons (minimum 75 candelas) integrated into the existing alarm system...

ðŸ’ª Above and beyond! Recognize them: https://atoz.amazon.work/shout-outs
",2026-04-28,99,3135,1.000,0.974,278,8346,1.000,0.991,61,933,38,2202,270,8256,8,90
GRU9,LATAMCF,Traditional Sortable Softlines,-23.3565,-46.8769,56066,1357426,2026,Q1,01,20,4,96,0,0,0,0,0,0,0,0,1,93,0,0,0,4,152,0,0,0,0,0,0.000,0.000,0.000,0.000,0.000,0.000,0.000,0.000,0.000,0.000,3.567,13.702,3135,0.974,8346,0.991,933,2167,8256,2,81,2038,8,1699,73,339,9.9,83.4,1.2,0.4,37,872,0.0,0.0,4.60,3.00,1.5,13.2,1.0,2.0,288.942,300.274,0.469,0.391,"📦 GRU9       👤 @tainanb       ✍️ 8 obs.

Luminous Evacuation Signal for the Deaf in Operational Area Visual emergency alert system designed to ensure inclusive safety in industrial environments. Composed of high intensity stroboscopic beacons (minimum 75 candelas) integrated into the existing alarm system...

ðŸ’ª Above and beyond! Recognize them: https://atoz.amazon.work/shout-outs
",2026-04-28,99,3135,1.000,0.974,278,8346,1.000,0.991,61,933,38,2202,270,8256,8,90
POA1,LATAMCF,Mixed (Traditional Sortable and Non-sortable),-29.8534,-51.2486,16577,1143839,2025,Q1,01,52,1,130,0,0,0,1,0,1,0,1,1,129,0,0,0,3,208,0,0,0,0,0,0.000,0.175,0.000,0.000,0.000,0.175,0.000,0.175,0.000,0.000,12.064,22.556,1824,0.993,3612,0.998,295,1524,3597,0,,189,,176,,13,,93.1,,40.7,,27,,0.0,,3.54,,10.3,,69.4,0.000,33.047,,0.259,"📦 POA1       👤 @neresiag       ✍️ 2 obs.

The Mod f boxes and litter are falling over, they almost fell on me when counting",2026-03-15,33,1824,1.000,0.993,64,3612,1.000,0.998,10,295,23,1529,64,3597,0,15
POA1,LATAMCF,Mixed (Traditional Sortable and Non-sortable),-29.8534,-51.2486,21857,485065,2026,Q1,01,20,1,36,0,0,0,0,0,0,0,0,1,36,0,0,0,5,80,0,0,0,0,0,0.000,0.000,0.000,0.000,0.000,0.000,0.000,0.000,0.000,0.000,9.150,14.843,1824,0.993,3612,0.998,295,1524,3597,0,,189,,176,,13,,93.1,,40.7,,27,,0.0,,3.54,,10.3,,69.4,0.000,77.928,,0.259,"📦 POA1       👤 @neresiag       ✍️ 2 obs.

The Mod f boxes and litter are falling over, they almost fell on me when counting",2026-03-15,33,1824,1.000,0.993,64,3612,1.000,0.998,10,295,23,1529,64,3597,0,15
REC1,LATAMCF,Mixed (Traditional Sortable and Non-sortable),-8.2253,-34.9936,4085,223555,2025,Q1,01,52,0,27,0,0,0,0,0,0,0,0,0,27,0,0,0,0,66,0,0,0,0,0,0.000,0.000,0.000,0.000,0.000,0.000,0.000,0.000,0.000,0.000,0.000,24.155,457,0.988,655,0.976,85,369,639,0,16,327,3,285,13,42,18.8,87.2,0.0,9.5,4,52,0.0,0.0,,3.26,7.0,12.8,,39.5,783.207,292.545,0.562,0.205,"📦 REC1       👤 @montirla       ✍️ 2 obs.

During the analysis of the access conditions to the elevator shaft, I identified that the professional needs to move with a ladder descending from the upper level into the shaft without the existence of a fixed point for support or connection to protect against falls, posing a potential risk that...",2026-04-05,16,457,1.000,0.988,26,655,1.000,0.976,5,85,11,372,26,639,0,16
REC1,LATAMCF,Mixed (Traditional Sortable and Non-sortable),-8.2253,-34.9936,3402,79077,2026,Q1,01,20,0,4,0,0,0,0,0,0,0,0,0,4,0,0,0,1,14,0,0,0,0,0,0.000,0.000,0.000,0.000,0.000,0.000,0.000,0.000,0.000,0.000,0.000,10.117,457,0.988,655,0.976,85,369,639,0,16,327,3,285,13,42,18.8,87.2,0.0,9.5,4,52,0.0,0.0,,3.26,7.0,12.8,,39.5,940.430,827.033,0.562,0.205,"📦 REC1       👤 @montirla       ✍️ 2 obs.

During the analysis of the access conditions to the elevator shaft, I identified that the professional needs to move with a ladder descending from the upper level into the shaft without the existence of a fixed point for support or connection to protect against falls, posing a potential risk that...",2026-04-05,16,457,1.000,0.988,26,655,1.000,0.976,5,85,11,372,26,639,0,16
REC3,LATAMCF,Mixed (Traditional Sortable and Non-sortable),-8.2868,-35.0387,43551,2592132,2025,Q1,01,52,3,345,0,1,0,1,0,1,0,1,3,344,0,0,0,3,359,0,0,0,0,0,0.000,0.077,0.000,0.077,0.000,0.077,0.000,0.077,0.000,0.000,13.777,26.542,2969,0.989,6190,0.986,559,2399,6077,4,110,1493,30,1193,80,300,27.3,79.9,2.7,26.3,0,149,0.0,0.0,2.24,2.86,4.0,10.8,1.0,22.9,505.149,115.195,0.355,0.112,"📦 REC3       👤 @silvahri       ✍️ 6 obs.

add handrails in the middle of pick stairs (stairs to go up from one floor to another), directing specific sides to go up and down, in addition to adding railings at the ends of the stairs.",2026-03-25,82,2969,1.000,0.989,192,6190,1.000,0.986,40,559,42,2410,174,6077,18,113
REC3,LATAMCF,Mixed (Traditional Sortable and Non-sortable),-8.2868,-35.0387,61643,1124335,2026,Q1,01,20,3,81,0,0,0,0,0,0,0,0,3,81,0,0,0,10,201,0,0,0,0,0,0.000,0.000,0.000,0.000,0.000,0.000,0.000,0.000,0.000,0.000,9.733,14.409,2969,0.989,6190,0.986,559,2399,6077,4,110,1493,30,1193,80,300,27.3,79.9,2.7,26.3,0,149,0.0,0.0,2.24,2.86,4.0,10.8,1.0,22.9,356.890,265.579,0.355,0.112,"📦 REC3       👤 @silvahri       ✍️ 6 obs.

add handrails in the middle of pick stairs (stairs to go up from one floor to another), directing specific sides to go up and down, in addition to adding railings at the ends of the stairs.",2026-03-25,82,2969,1.000,0.989,192,6190,1.000,0.986,40,559,42,2410,174,6077,18,113
REC9,ATS-LATAM,Sort Center,-8.0500,-34.8700,4749,95101,2025,Q1,01,52,1,18,0,0,0,0,0,0,0,0,1,18,0,0,0,1,22,0,0,0,0,0,0.000,0.000,0.000,0.000,0.000,0.000,0.000,0.000,0.000,0.000,42.113,37.854,568,0.995,682,0.982,212,350,669,0,3,70,2,58,1,12,66.7,82.9,0.0,2.9,1,27,0.0,0.0,3.00,3.50,3.5,10.1,,13.0,126.338,147.211,0.667,0.457,"📦 REC9       👤 @mathepba       ✍️ 1 obs.

It was observed that the carts used to transport heavier loads, ""aquariums"", have damaged structures. I suggest that they be inspected for greater safety and also an isolated area for those that are broken until they are repaired. If there is a possibility of investing...",2026-04-22,13,568,1.000,0.995,18,682,1.000,0.982,13,212,0,356,18,669,0,13
REC9,ATS-LATAM,Sort Center,-8.0500,-34.8700,4485,94898,2026,Q1,01,20,0,6,0,0,0,0,0,0,0,0,0,6,0,0,0,0,18,0,0,0,0,0,0.000,0.000,0.000,0.000,0.000,0.000,0.000,0.000,0.000,0.000,0.000,12.645,568,0.995,682,0.982,212,350,669,0,3,70,2,58,1,12,66.7,82.9,0.0,2.9,1,27,0.0,0.0,3.00,3.50,3.5,10.1,,13.0,133.765,147.526,0.667,0.457,"📦 REC9       👤 @mathepba       ✍️ 1 obs.

It was observed that the carts used to transport heavier loads, ""aquariums"", have damaged structures. I suggest that they be inspected for greater safety and also an isolated area for those that are broken until they are repaired. If there is a possibility of investing...",2026-04-22,13,568,1.000,0.995,18,682,1.000,0.982,13,212,0,356,18,669,0,13
VBJ1,AMZL-LATAM,SSD QC,-23.5230,-46.6920,2557,51063,2026,Q1,01,20,0,0,0,0,0,0,0,0,0,0,0,0,0,0,0,1,7,0,0,0,0,0,0.000,0.000,0.000,0.000,0.000,0.000,0.000,0.000,0.000,0.000,0.000,0.000,129,0.971,142,0.986,102,18,138,0,2,5,1,2,1,3,50.0,40.0,0.0,0.0,1,3,0.0,0.0,5.00,3.00,,14.0,,,156.419,19.584,1.000,0.800,"📦 VBJ1       👤 @migormma       ✍️ 6 obs.

WHS Team, I request attention to the case of suspension of products (detergents, disinfectants, etc.) Ypê with final batches “1” by ANVISA exposes serious failures in sanitary control and possible contamination by Pseudomonas aeruginosa, bacteria associated with severe infections, sepsis and high mortality in people...",2026-05-11,6,129,1.000,0.971,7,142,1.000,0.986,6,102,0,27,7,138,0,4
VBM1,AMZL-LATAM,SSD FC,-19.9200,-43.9400,4508,38714,2026,Q1,02,20,0,3,0,0,0,0,0,0,0,0,0,3,0,0,0,0,4,0,0,0,0,0,0.000,0.000,0.000,0.000,0.000,0.000,0.000,0.000,0.000,0.000,0.000,15.498,77,0.920,66,0.938,69,1,60,0,2,15,0,9,2,6,0.0,60.0,0.0,0.0,2,9,0.0,0.0,,2.67,,12.4,,,88.725,77.490,0.500,0.333,"📦 VBM1       👤 @fatealex       ✍️ 3 obs.

Guide Inbound staff when storing glass bottles, placing them at the bottom of the bin or behind other products. And the Outbound people keep them in their stored location or, if they see them at the front, put them at the back. These products are falling out of the bin and breaking frequently...",2026-03-27,8,77,1.000,0.920,4,66,1.000,0.938,8,69,0,8,4,60,0,6
VBM2,AMZL-LATAM,SSD FC,-19.9200,-43.9400,1184,1593,2026,Q2,04,20,0,0,0,0,0,0,0,0,0,0,0,0,0,0,0,0,2,0,0,0,0,0,0.000,0.000,0.000,0.000,0.000,0.000,0.000,0.000,0.000,0.000,0.000,0.000,14,1.000,24,1.000,12,1,24,0,,2,,1,,1,,50.0,,0.0,,1,,0.0,,3.00,,3.0,,,0.000,250.978,,0.500,"📦 VBM2       👤 @debresen       ✍️ 1 obs.

Lack of attention in relation to the safe path. They are cutting their way through the middle of the sectors.",2026-05-05,8,14,1.000,1.000,14,24,1.000,1.000,7,12,1,2,14,24,0,0
XBRS,LATAMCF,Traditional Sortable Softlines,,,0,0,2025,Q1,01,52,0,0,0,0,0,0,0,0,0,0,0,0,0,0,0,0,0,0,0,0,0,0,0.000,0.000,0.000,0.000,0.000,0.000,0.000,0.000,0.000,0.000,0.000,0.000,0,0,0,0,0,0,0,0,,,,,,,,,,,,,,,,,,,,,,,,,,,0,0,0,0,0,0,0,0,0,0,0,0,0,0,0,0
AMZL-LATAM,AMZL-LATAM,,,,,,,,,,,,,,,,,,,,,,,,,,,,,,,,,,,,,,,,,,,,,,,,,,,,,,,,,,,,,,,,,,,,,,,,,,,,"Logistics

📦 DFR2      👤 @anjsousa       ✍️ 1 obs.

Emergency exit when punching the badge, some do not allow the exit to members! In the event of an accident, it is valid for everyone to have access to come and go 🚪🏃‍♂️🚨",2026-04-28,,,,,,,,,,,,,,,,
LATAMCF,LATAMCF,,,,,,,,,,,,,,,,,,,,,,,,,,,,,,,,,,,,,,,,,,,,,,,,,,,,,,,,,,,,,,,,,,,,,,,,,,,,"Fulfillment Center

📦 GIG1      👤 @migormma       ✍️ 6 obs.

WHS Team, I request attention to the case of suspension of products (detergents, disinfectants, etc.) Ypê with final batches “1” by ANVISA exposes serious failures in sanitary control and possible contamination by Pseudomonas aeruginosa, bacteria associated with severe infections, sepsis and high mortality in people...",2026-05-11,,,,,,,,,,,,,,,,
ATS-LATAM,ATS-LATAM,,,,,,,,,,,,,,,,,,,,,,,,,,,,,,,,,,,,,,,,,,,,,,,,,,,,,,,,,,,,,,,,,,,,,,,,,,,,"Sort Center

📦 CGH7      👤 @xrivalro       ✍️ 5 obs.

Today, April 18, at 5:01 am, an associate who was loading a shuttle directed the picker towards other associates near the TOM sector. I kindly ask that you be warned during the DDS that this type of joke can end in an unpleasant way.",2026-04-18,,,,,,,,,,,,,,,,
